Col_0,Col_1,Col_2,Col_3,Col_4,$<bug
-1.3604042885,-0.628923056963,-0.772112692801,-1.02662479106,-0.712706805706,F
0.136687670592,0.299073217039,-0.472747430747,-1.0933357237,-0.0572443649001,F
1.65391414197,3.55433088481,-0.636683256333,-1.28597034612,0.103129284228,F
-1.34950579245,-0.448890821767,1.38438180012,-1.52162323211,-0.402384263011,T
-1.17301572215,-0.589268535043,1.3337145694,-1.50946757769,-0.365121018037,T
-1.26933441131,-0.485135301902,-0.597320801537,0.231360431406,0.138512208847,T
-0.0645156476598,1.66757078124,-0.402154334142,-0.0834404724542,0.551508781205,F
-1.39214572086,-0.672102231445,-0.564674101135,-1.4416597524,-0.263867812755,T
-0.665738213981,-0.342301508042,-0.429857353754,0.912611971405,0.100258867279,T
0.06042076812,0.158971941185,-0.940312424698,-0.0203230276118,1.21729406327,T
1.30173345606,-0.0125755415299,0.376916182741,2.76785030092,0.613496447853,T
-0.603127331171,2.45799554781,-0.988528101698,0.372227986883,1.04196280989,T
1.01534604065,0.199356112597,0.0725256184292,2.00814062918,-0.0521539054199,T
0.29328914571,-0.407134443786,1.59802044388,-1.41672154591,0.229433844108,T
-1.47044734023,0.174094398958,-0.531605538112,0.554640418275,-0.199042450454,F
-0.97140546547,-0.629793462805,-0.63920823663,0.483760948253,-0.518723725094,F
-1.41439245041,-0.923825302393,0.159375929349,-0.743422835038,-0.451840112775,F
0.454212127129,0.149619143684,-0.422798695514,1.17947352183,-0.126938632208,T
0.585062774794,0.569682577156,1.93967958522,-1.20575078785,0.374808819297,T
-1.23228550612,0.0525277192539,-0.545212915587,-1.41907649205,1.89566396468,F
3.91965063921,9.25116764256,-0.857079756323,-0.66951852078,0.0478161679345,T
-1.12141534786,-0.296447522055,-0.681546554514,0.262900459334,0.672170760585,T
-0.72305129656,-0.596398560616,2.40890781109,-1.3009251691,-0.0725910618013,F
0.0278289494952,0.00997979351301,-0.431227250578,0.940747625155,-0.344461440107,F
1.63577843723,0.216872212795,-0.368602639479,0.418022644908,0.754746394635,F
0.0541697478238,0.166623552044,-0.63716481718,-0.145868569797,1.18518437637,T
-0.74443632225,-0.69340314736,-0.988968511573,3.35374690118,-0.00499021944436,F
0.932321827797,0.0818597829043,5.33925718592,-0.467988449704,0.448362416064,F
0.241808734625,0.990785349477,-0.401220869091,1.80549790589,0.114969860541,F
-0.316393408382,-0.15992474404,-0.445308709676,1.5998822903,-0.160626173989,F
0.772277030993,0.548983733356,-0.463560772844,0.889939129491,0.15702581262,F
-1.06493112236,-0.507256644344,0.68717309362,-1.20301009746,-0.2623589259,F
-1.35933899722,-0.786804383532,-0.435868947179,-1.06573000289,-0.8444927875,F
-1.23171220049,-0.166090547555,-0.784155224253,-1.46944092602,-0.402556218893,F
0.636255277154,1.63035908245,-1.06593489398,-1.50437237738,4.16000640991,T
-0.962252523814,-0.465797283091,-0.0836818355606,-1.43787363623,-0.271408196999,F
0.708135017571,-0.410076120466,0.105216793702,-0.457683571057,-0.16747752794,T
-0.953460989231,-0.755027950267,0.905089890047,0.0994114611425,-0.47976065076,F
0.354929096867,-0.424813418095,-0.213279486628,-0.505532022984,-0.270556121573,T
-0.495806098806,-0.451291346373,-0.730706592764,0.756151703585,0.0109680722493,F
9.29154062345,1.99655000603,0.069922329972,2.48872882722,0.811599503899,T
-1.35061359366,-0.634726765535,-0.659943840694,-1.01895274425,-0.692289362043,F
-0.733282810727,2.57884735715,-0.548815045296,0.965426962815,0.512897256748,F
-1.22504133624,-0.675272876202,1.92766764389,-1.40443258679,-0.166107730657,F
-1.56450258145,-0.511090041353,-0.996846442202,0.015482887048,-0.798024069343,F
0.243841072723,-0.248347608041,-0.559185446623,1.4578740044,-0.507151882263,F
-1.00971741943,-0.524277163851,-0.824216584644,-0.688860128018,-0.108502189819,F
-0.341283519508,-0.358955747408,0.371700028053,1.11868575486,-0.43218311376,T
-1.09262856191,-0.350896589575,-0.59820219549,-0.877455418493,-0.0798652517218,F
-0.170816145996,1.05323430549,-0.730917485817,-1.31415362336,0.288357819004,F
-0.923185473331,-0.518904784698,0.225435465529,-1.00120712395,-0.512834303305,F
-0.0100260592487,-0.727405527334,3.42831790397,-1.25004029143,-0.102840296999,T
0.214119293697,0.107866073141,-0.290016066198,1.13432448831,-0.205067991489,T
-1.24107494414,-0.506646185916,-0.604608471932,0.165466861898,-0.659063743135,T
-0.540899001434,0.175314168072,-0.296171629873,-1.36996447075,-0.372955527822,F
-0.409522172495,0.085287256187,-0.564678731636,-1.32924741581,-0.445761832016,F
-1.38972157035,-0.754195330887,-0.581707128418,-1.41836643603,-0.43395011732,F
-0.843841969125,1.19124623889,-0.746374828023,-0.0701622044777,-0.285749376204,F
2.66661456342,0.125537521199,-0.701555742807,1.95380712002,1.02154786295,T
0.247807226791,-0.349322424924,-0.421687843687,-0.34939245175,-0.12248502265,F
-1.48286332998,-0.359843256196,-0.450249060757,-1.58777059166,-0.74545683268,F
-0.623713675235,-0.560308837388,-0.847918587711,0.984466393979,-0.261847947068,F
-0.0750205159403,0.379967768129,-0.740578936547,0.634273210721,0.495848177935,T
-0.850469565699,0.845212540367,-0.753372253479,-1.42095912646,0.0361143963961,F
-0.755256652672,-0.68297942946,-0.73520092764,0.322253095952,-0.706836836293,F
-1.06966653065,-0.275029562426,-0.563089913426,-1.13649516203,-0.524607652675,F
-0.73790061633,-0.308226009489,-0.857564044057,-0.168131116634,-0.293095352074,T
-1.39942850896,-0.365057256716,-0.533671171011,-1.59454029245,-0.76502723204,F
-1.52548409002,-0.648182721731,-0.708091588952,-1.6954782039,-0.31994247113,T
-0.659459229646,-0.463690284262,-0.461117606116,-0.792700676228,-0.563367618718,F
-1.31054308613,-0.424504617914,-0.972965436234,-1.19817587822,0.347417698301,F
6.75196409042,-0.59190310095,0.849061154107,1.04264221435,-0.0928179294304,T
0.870111849973,0.0588722528646,-0.805145619389,0.268791827928,-0.0663842867315,T
0.710188519815,0.00874768843184,-0.281370633738,-0.307985294406,1.01222980254,F
0.437738868847,-0.257923870381,-0.500503578057,1.80856112703,0.0346342440258,T
-0.559562535815,-0.827760502908,-0.289281143516,-0.538574005482,-0.524312904635,F
-0.402059674059,-0.150233640843,-0.632170144053,0.748761844753,-0.248391556449,T
-0.964940475989,-0.449970346358,0.974877363467,-1.49577127281,-0.39087004924,F
-1.49409111742,-0.506806789763,-0.392037806281,-1.69075994011,0.185979878976,T
-0.860126513614,-0.203867825384,-0.675632052212,-1.22203090981,-0.596386142329,F
1.4786728509,0.0176816497228,0.131691264551,2.05694075551,-0.195458475861,T
-0.416393452466,-0.16603446367,0.710126946093,-0.714175928858,0.122514852268,T
1.97929489339,1.74383335382,-0.59921872916,1.11388783611,2.10892020467,T
-1.46832461863,-0.542922491516,-1.07023453743,-1.70919811707,-0.159168086763,F
-0.310716279999,-0.16579058144,-0.158733665956,1.6167236892,-0.340591370999,F
0.35842885687,-0.0731921781322,-0.680718646518,1.48059631973,0.566885006172,T
-0.529814265015,-0.311431154603,-0.536676099707,0.109209748063,-0.167727489256,T
0.117241042487,-0.384744787387,-0.188323450519,2.31637184787,0.7606247455,F
-0.0999011596016,-0.392100768727,-0.284298959113,0.791673908138,-0.103174873627,T
-0.65109171205,0.680526800807,-0.490101050768,-1.51899977913,-0.0146276788672,F
-1.15811984081,-0.650898185936,-0.858383346542,-0.832271828127,-0.461553059216,F
-1.09621887228,0.822425340529,-0.789172605178,-1.45718766899,4.01761439702,T
-0.856991101876,-0.435513455754,0.616098363919,-1.45569609103,-0.40779122874,F
-1.36983144003,-0.127826344301,-0.81275960247,-1.72145840099,1.10430820791,T
-0.431762172445,-0.335291528276,0.0839401681464,-0.268559133398,0.307613388037,T
-0.698560437386,0.116130977237,-0.285364444037,-0.692543496019,-0.239556220482,F
-1.57665362353,-0.791138957017,-0.953615740437,0.0224032586697,-0.801335906166,F
-0.829439070146,-0.404604406494,-0.440034488897,1.10989842253,-0.38018048255,T
0.24599948495,-0.13658783132,-0.187037555149,2.63308046529,0.0766566525207,T
-0.853632663967,1.19704994747,-0.85854368013,-0.0778342512892,-0.306166819867,F
-1.21297766924,-0.65084278131,1.54655355703,-1.41094597702,-0.248655857934,F
-0.417789107677,-0.515612283321,-0.0350967218377,-0.994957244618,-0.615969664857,F
0.411852545682,-0.500803816262,2.37085107339,-1.33192409677,0.253599821288,F
-0.559669682994,-0.444592445776,-0.224228133386,-1.60176162891,-0.648774852711,T
0.0958160463177,-0.220975213134,-0.432249430983,-1.41634115545,0.00240387939404,F
1.37080385695,0.345273004376,-0.411092664077,-0.239164696234,1.11668613094,T
-0.504128406961,-0.441780948536,-0.881523393073,0.975847609942,0.00407046644462,F
-1.20152086158,-0.641433334877,-0.916140439427,-0.546905071551,-0.620876281717,F
2.26075527603,-0.111279065328,-0.431276162932,-0.0658620463561,0.203118138047,T
0.563022466749,-0.380356600722,-0.812923158002,1.73158991525,0.100100876782,T
-0.135385646094,-0.553341673025,0.918639732692,-0.835973986899,-0.45576684311,T
-1.03236519561,0.160927122631,-0.634491691076,-0.698447390134,-0.613540764987,T
-0.855802659443,0.00146425580085,-0.572239270999,-1.40508210485,0.203750625381,F
-1.37331329796,-0.623442757933,-0.759016958813,-0.83130734062,-0.597594810837,F
1.8357296155,-0.147243489757,0.101442111553,2.59670967637,0.0997151335621,T
-0.299627890796,-0.431382868373,-0.766017512882,1.21518371472,0.0968810761026,T
0.417145958051,-0.0189092118242,-0.254078081434,-0.267344786405,0.815233461049,T
-0.559669682994,-0.444592445776,-0.224228133386,-1.60176162891,-0.648774852711,F
-0.90476390251,-0.233397591584,-0.570487877089,-1.007204511,-0.0797864787961,T
-1.10504944491,-0.451747703758,-0.267777913328,-1.27394931588,-0.452354423176,F
1.46716125232,0.216209908553,1.15785102635,-0.885614501361,0.135516412209,T
0.0576662410839,0.483241685405,-0.588468560227,-0.810851040499,0.895753531976,T
2.50869568422,-0.718502522517,0.241268654628,2.69911972966,-0.109580590414,T
0.281239687372,-0.103741454657,-0.545413023481,1.45672962067,0.736628447092,F
-0.138015749473,-0.318318700266,-0.437818499667,2.1651190624,-0.12654024342,T
-0.254573684929,0.463224464258,1.46014999042,-1.30412380541,0.0779437617984,F
0.925194384937,-0.858862765632,4.32700750807,-0.686090398898,0.120352193739,T
0.262389057892,0.980001122058,-0.796127494854,1.55167569995,0.0854341756199,F
-0.741199031383,-0.486118207942,1.14155919132,-1.41400358658,-0.0520485422878,T
0.120452808979,-0.285370536142,-0.448346792539,1.26203556838,-0.606054660645,F
-0.90424325653,-0.245573879672,-0.277535939104,1.21017786881,0.0288844468197,F
-1.20533815129,0.96988526245,-0.576454963465,-1.50846676362,-0.199383293457,F
-1.59158179475,-0.834249066124,-0.961171675806,0.211204991613,-0.838620953228,F
-0.359019683049,-0.28016359251,-0.632440221059,-0.887173842047,-0.444373097154,T
0.327543609536,-0.00798919081522,-0.463837809965,2.07363998013,0.00389006883997,T
-0.191605122703,0.238120407137,-0.741427974227,-0.381947003873,0.920669688637,T
-0.592629250939,-0.594769952597,-0.673812357148,1.00327343307,-0.398462617894,T
-0.490186597474,-0.51983484564,-0.215468969803,0.53947458901,-0.457858126304,F
-0.509417194539,-0.513806204429,1.5124943609,-1.26195821808,-0.25976390856,F
5.87644776726,0.905689541537,0.676658156871,4.89912890474,-0.435470332294,T
1.12655107967,0.190405289783,-0.264723456266,1.9044618101,0.0412595880275,T
-0.908055126316,-0.346880126744,-0.849758934486,-0.879076742446,-0.639882530267,T
1.78452069273,0.143391966871,1.24830001736,2.96403480749,0.0327710834605,T
-1.12778676601,-0.333360032581,-0.0531138170041,-1.48399213774,0.154241846904,F
0.216429136358,-0.414391260417,5.84949774051,-0.240111888847,0.89456855763,T
-0.502876047783,-0.213472394632,-0.29658328897,1.44202784542,-0.529513678961,T
0.293985249402,-0.763993371651,0.00674566867844,0.362342418087,-0.74399674217,T
1.17833378448,-0.897656464441,-0.0873574849702,2.24276301294,-0.537844431847,T
-0.103447665937,-0.297705422882,-0.672773179223,2.31926151173,0.682532803745,T
-1.31859309108,0.00587928176045,-0.670633800585,0.65155515516,-0.319375070957,F
-1.13823649489,-0.251656045642,0.884325217549,-1.43106400016,-0.0870539013513,F
-1.36568678396,-0.777054276122,1.19533693664,-1.58271092738,-0.0336891169618,F
-1.31739363217,-0.484579305681,-0.878120234796,-0.798855805479,-0.252579104864,F
0.652732990135,-0.847719491173,0.643834844027,1.87341930222,-0.206384324936,T
-0.557456621204,2.51421398372,-0.833769515119,0.193390267665,1.15951952706,F
-0.485832370903,-0.622281693254,3.75660494452,-1.0212780169,0.118276105421,F
-0.255164349322,-0.802707341007,3.88072481435,-0.752270710633,-0.0283733526004,F
8.64589791765,-0.968310678069,8.68919145041,0.273440180554,-0.116622103861,T
-0.549941760428,-0.533994638503,-0.486755927681,-0.762788625097,0.173421014142,F
0.508189489339,0.72180912106,-0.973360146886,-0.0705706438258,1.50647205435,T
3.83305666878,20.5727572087,0.0363998661538,0.0157425734314,-0.135985693476,T
-0.989804625617,-0.589875392144,-0.812352962688,0.362328592633,-0.456564907511,F
-0.885873167815,0.430466375827,-0.872623472951,-0.758777908332,1.03474239702,T
0.484409873202,-0.0167867372488,0.183621347802,-0.732928027066,0.00470196629493,F
-1.26368538335,-0.656942229011,-0.632414433528,-0.114319954368,-0.632770698994,F
0.0958160463177,-0.220975213134,-0.432249430983,-1.41634115545,0.00240387939404,F
-0.530775425855,1.68141550065,-0.606842719181,1.59907701541,0.231029078898,F
0.449219386152,-0.389465543368,0.554754442145,-0.730882004338,-0.0619199656308,F
-0.878515092181,-0.575282136725,-0.545683957551,0.0325875742104,-0.431272824322,F
-0.0882680566821,1.12308237403,-0.482426364193,1.14341639104,-0.130813263716,F
-1.33873465362,-0.765613778393,0.0176490629975,-0.845038618612,-0.779207418585,F
-1.48308985147,0.167650766919,-0.641301003318,0.547566918393,-0.253329662007,T
-1.18964609236,-0.600034950891,-0.826966023438,-0.600785960094,-0.454078763405,F
-1.31086807532,-0.678925880428,-1.08054904567,-1.05078479632,-0.377148471657,F
0.148066501641,-0.122048147105,3.09613401484,-1.2145178631,0.295195507825,T
-0.582204377596,0.238905895244,-0.533084246986,-0.339003998896,-0.236862943542,F
0.649727394399,-0.156819286372,-0.187312085021,0.0353449986138,0.444115196593,T
0.698085555184,-0.553298503085,-0.120487891693,-0.286258877046,-0.447741060133,T
0.486596742451,0.0418763356941,-0.125102054567,1.37509355029,-0.229028424876,F
1.56957511052,0.180671343185,-0.706194199591,0.142301189738,-0.207107737362,T
0.666704743065,-0.00681639157788,-0.326677198521,0.539689771895,0.0287100576134,T
-1.0598758358,-0.280833270999,-0.450921061319,-1.12882311521,-0.504190209012,F
-0.169401269606,-0.423015279612,-0.504101947871,1.26183548662,-0.655450394644,T
-1.31076780563,0.421839918499,-0.553788456087,-1.53117522183,-0.214227642947,F
-0.954935575701,-0.374633112583,-0.882199236533,1.78865621766,-0.2303879944,T
1.90798992667,-0.922974997228,3.38645830062,-0.363473327322,-0.233604104035,T
-1.18286096631,-0.576697866872,1.02501464245,-1.4104008826,-0.349800956119,F
-0.00686362140873,-0.438262602272,-0.550978162729,0.90638092761,0.154493535047,T
-0.0855836262899,0.077307680676,-0.520510233784,-0.964706261256,-0.17869694627,F
-0.616799101456,-0.464379759832,-0.495735531433,0.484341199827,-0.0119654213693,T
-0.565980697504,-0.182979033473,0.0168916259753,-0.548090476785,-0.44519763029,F
1.68526508227,1.09502453153,0.465035497472,-1.19301674853,0.17447550433,T
-1.3604042885,-0.628923056963,-0.772112692801,-1.02662479106,-0.712706805706,F
2.43376036294,-0.0543897319664,0.167802974597,-0.409790080286,0.549410596131,T
-0.156575926011,-0.180361771094,-0.0298428114693,-0.164511652435,-0.472647539989,T
0.24599948495,-0.13658783132,-0.187037555149,2.63308046529,0.0766566525207,T
-0.223089501815,0.264685483455,-0.853791526944,-1.07502181996,0.720770188756,T
0.81752666109,-0.445276640836,-0.0547324833111,1.94232387156,0.353817993225,T
-0.933879599547,-0.766635367412,1.12942759426,0.114755554765,-0.438925763435,F
-0.941616335449,-0.486728046724,1.83022227879,-1.34470616486,-0.213642103279,T
0.041302811693,-0.446100268653,1.48916146403,-1.39726703613,-0.413984225509,T
-0.333919722918,-0.472182595775,-0.160218075882,-1.60627704599,-0.653027567674,F
0.0958160463177,-0.220975213134,-0.432249430983,-1.41634115545,0.00240387939404,F
1.81667277825,-0.770457348247,0.586211386684,2.35309058076,-0.354591072079,T
-1.34734260413,-0.514212112555,-0.721413761474,-1.52169776209,-0.61991755809,F
1.05862002765,0.739885021101,-0.212944512551,-0.819313511439,1.40085127981,T
0.153283411458,0.173272596156,-0.488879263456,0.978185636705,0.290204949879,T
0.103325963955,0.181211544089,-0.876183780417,0.040745265339,1.30234766782,T
-0.927435987586,-0.429253926419,-0.935325223456,0.572233954794,-0.225749234825,F
1.5395845399,-0.0635273379114,0.613271240869,2.97276855792,0.603743882578,F
0.0461983072619,-0.585952793577,1.09963717592,-0.703931374907,-0.444582821081,T
1.01795883108,0.202653104809,0.0705638614166,2.00758224839,-0.0447211623054,T
0.417071279493,-0.436593228615,1.80283414154,-1.41186555923,0.235175818588,T
-0.796479735153,-0.00902099721097,-0.623103499384,-1.46246720033,0.628838540714,F
-0.187824638358,-0.139942161415,-0.295238008784,-0.828940598635,-0.223979221848,F
-1.37728716458,-0.629440228021,-0.765766124626,-0.815262822268,-0.606599533929,T
2.05872889923,-0.184429915782,0.141142396953,4.34694003251,0.399897538155,T
-0.295077921263,-0.445096025422,-0.585006871936,1.23240968985,0.124373190116,T
0.51299410422,0.149751204826,-0.302137676426,1.24689572216,-0.0825272514097,F
0.963245708071,0.564121705509,2.05485353454,-1.1424944919,0.419622396066,T
-0.333919722918,-0.472182595775,-0.160218075882,-1.60627704599,-0.653027567674,T
-0.894616098768,-0.239824448338,-0.458769133097,-1.00029517098,-0.0606799223102,F
-0.563706841135,0.63030277725,-0.66493869279,0.598574510236,1.5977536446,T
1.61515540788,0.299978821993,1.17496474547,-0.904346977815,0.17038355124,T
-1.37887787697,-0.43147969605,1.0478752438,-1.54463937254,-0.463636594,F
0.0596794239849,0.487896187031,-0.590061310195,-0.811278610445,0.907776708996,T
-0.819695284416,-0.512290119625,-0.625450779923,-0.783000687263,-0.565747067963,T
1.63577843723,0.216872212795,-0.368602639479,0.418022644908,0.754746394635,T
-1.17817750795,0.494802173272,-0.599268280594,-0.488570053828,-0.409375673195,F
1.63200559971,0.346200871889,-0.307586452624,0.657055771586,0.389628819331,T
-0.259123654463,0.476937621306,1.27913934947,-1.32134978054,0.0504516477854,T
0.980584546232,0.0312186345171,6.14995387624,-0.402848312194,0.585016418741,F
0.700621452937,-0.48851052956,-0.117356866288,-0.514218164803,-0.373474381666,T
-0.495806098806,-0.451291346373,-0.730706592764,0.756151703585,0.0109680722493,F
12.1499988475,1.74711717321,0.26756357835,2.59731548811,0.59590072573,T
-1.35061359366,-0.634726765535,-0.659943840694,-1.01895274425,-0.692289362043,F
-0.733282810727,2.57884735715,-0.548815045296,0.965426962815,0.512897256748,T
-0.543652700553,-0.331813105485,0.127570423455,0.833194378863,-0.612297871058,T
2.28760822972,0.00188479743894,1.28546789862,2.85163196761,-0.125462896808,T
-1.12778676601,-0.333360032581,-0.0531138170041,-1.48399213774,0.154241846904,F
0.353661387339,-0.303352058467,7.3262165858,-0.129137533059,1.13207921108,T
-0.887605666572,-0.30722302973,-0.542130180214,-0.989678837234,0.133089761499,F
-0.331492824666,-0.36475945598,0.48386888016,1.12635780167,-0.411765670097,T
-1.09830551419,-0.359464403935,-0.607843860878,-0.854534678128,-0.0927291417772,T
-1.44929648009,-1.13049887276,1.86625204102,-0.644986167055,-0.347035817211,F
0.0762825294478,-0.338509381891,-0.65144135136,1.94828437956,0.583293856984,T
-1.31859309108,0.00587928176045,-0.670633800585,0.65155515516,-0.319375070957,F
1.2754102028,-0.766434201338,3.59489232676,-0.76130817495,0.0957623099967,T
1.65391414197,3.55433088481,-0.636683256333,-1.28597034612,0.103129284228,T
1.99002767566,-0.961609020252,4.0195421861,-0.260835657024,-0.12749291312,T
-1.25853901391,-0.11959168735,-0.67821412638,0.355066236319,-0.640275589295,T
-1.18286096631,-0.576697866872,1.02501464245,-1.4104008826,-0.349800956119,T
-0.792657501807,-0.453980129863,-0.677010802934,-0.946491850246,-0.522555171796,T
0.253433799074,-0.399821150556,-0.520888448907,0.987006421384,0.23664379471,F
-0.0855836262899,0.077307680676,-0.520510233784,-0.964706261256,-0.17869694627,F
-0.553061288002,-0.45853908471,-0.685396098604,0.457990240474,-0.0858831507412,F
-0.565980697504,-0.182979033473,0.0168916259753,-0.548090476785,-0.44519763029,F
-0.493253101514,-0.0266694480555,-0.489876940164,1.62520264954,-0.358614039434,T
-0.789858489212,0.157834688565,-0.764499910884,-1.15190758421,-0.0530918631549,F
-1.43622497399,-0.363237422109,-0.341643864579,-1.7000790245,-0.711822846252,T
-1.57807286162,-0.793280910637,-0.956026156818,0.028133443841,-0.804551878725,F
-0.819648375304,-0.410408115067,-0.32786563679,1.11757046935,-0.359763038887,T
-0.169134805138,-0.179261963127,-0.139886729721,-0.171593637427,-0.504545771528,F
-1.46559705852,-0.345826296391,-0.6781504209,-1.72309516494,-0.773075177241,T
-1.11865510521,-0.263263462787,1.10866292176,-1.41571990654,-0.0462190140254,F
-0.95155208421,-0.542771379625,-0.48588238619,0.316697824874,-0.668025825472,F
-0.540899001434,0.175314168072,-0.296171629873,-1.36996447075,-0.372955527822,T
-0.889926901205,-0.562891699105,0.304718325168,-0.632795334157,-0.410457428913,T
-0.409522172495,0.085287256187,-0.564678731636,-1.32924741581,-0.445761832016,F
-1.38972157035,-0.754195330887,-0.581707128418,-1.41836643603,-0.43395011732,T
-0.843841969125,1.19124623889,-0.746374828023,-0.0701622044777,-0.285749376204,T
2.91197240754,0.290475685341,-0.442562921213,2.15072936758,1.6410771409,T
0.259924222036,-0.307216270925,-0.445232946685,-0.340007812883,-0.0238633731737,F
-0.616059275727,0.0945007061057,-0.609592563372,0.646782897766,-0.183485149782,F
-1.47307263514,-0.365646964769,-0.338080208649,-1.58009854485,-0.725039389018,F
-0.623713675235,-0.560308837388,-0.847918587711,0.984466393979,-0.261847947068,F
-0.0630582637116,0.399281533771,-0.749663973592,0.631901898067,0.542213921183,T
-0.850469565699,0.845212540367,-0.753372253479,-1.42095912646,0.0361143963961,F
-0.756392043112,-0.684692992308,-0.737129260691,0.32683724396,-0.709409614268,T
-1.17454904194,-0.548628877052,-0.731913434172,-1.03883476939,-0.65369654107,T
0.484409873202,-0.0167867372488,0.183621347802,-0.732928027066,0.00470196629493,T
1.11874692986,-0.913024207958,5.14465354603,-0.637832806644,0.254070206962,T
0.262389057892,0.980001122058,-0.796127494854,1.55167569995,0.0854341756199,F
-0.649443513809,-0.485262638999,1.08307641182,-1.33011957244,-0.0303390572053,T
0.120452808979,-0.285370536142,-0.448346792539,1.26203556838,-0.606054660645,F
-1.06493112236,-0.507256644344,0.68717309362,-1.20301009746,-0.2623589259,T
-0.90424325653,-0.245573879672,-0.277535939104,1.21017786881,0.0288844468197,T
-1.36596210823,-0.796800166972,-0.447117556822,-1.03898913908,-0.859500659262,T
-1.23171220049,-0.166090547555,-0.784155224253,-1.46944092602,-0.402556218893,F
-0.745572048016,-0.40586918774,0.147762209416,-0.146342054616,-0.543832863702,T
-0.32593540827,-0.289779072672,-0.560200596114,-0.822896405806,-0.440349124553,T
-0.962252523814,-0.465797283091,-0.0836818355606,-1.43787363623,-0.271408196999,F
1.28107104286,-0.0310160522065,-0.680478908482,0.118827411382,-0.187547008957,T
0.514023901921,-0.604210189465,0.823596147567,-1.47188414612,-0.50502471152,T
0.699789017844,-0.01643187174,-0.254437573577,0.603967208136,0.0327340302139,T
-1.0598758358,-0.280833270999,-0.450921061319,-1.12882311521,-0.504190209012,T
-0.179030286804,-0.41704625658,-0.329043688891,1.33451453341,-0.607019188385,F
-1.31076780563,0.421839918499,-0.553788456087,-1.53117522183,-0.214227642947,F
-0.543541340972,-0.319927959774,-0.813997267909,1.17041620383,0.128134394094,T
-0.733350646797,-0.321939166538,-0.676553403112,-0.150905141502,-0.265603238061,T
-1.39942850896,-0.365057256716,-0.533671171011,-1.59454029245,-0.76502723204,F
-0.824547772341,-0.20181825908,-0.608702915198,-1.16083158479,-0.292219483181,T
-1.27649448292,-0.592251587299,-0.864017118459,-0.58791802837,-0.810486073515,F
-0.665136181925,-0.472258098623,-0.470759271505,-0.769779935864,-0.576231508773,T
0.450906178305,0.40746348885,-0.458473057499,-0.884190047408,-0.196959487259,F
-0.879650482621,-0.576995699574,-0.547612290602,0.0371717222191,-0.433845602297,F
-0.0784773618403,1.11727866546,-0.370257512085,1.15108843785,-0.110395820053,T
-1.34080779509,-0.789322718882,0.1874110943,-0.801071779668,-0.766723176334,T
-1.46071376872,0.748671723129,-0.597498989877,0.551038391002,-0.130947343992,F
-1.18350549433,-0.220919911832,-0.489158721317,-1.51585286743,-0.47248514867,T
-0.559562535815,-0.827760502908,-0.289281143516,-0.538574005482,-0.524312904635,T
0.0371732844583,-0.340013870134,-0.628259152253,0.828974926879,0.0461880019596,T
-1.71281350957,-1.03428376241,-0.874272991812,-0.644161861248,-0.884466312938,F
-0.91598700178,-0.478988889221,1.535721624,-1.45741103876,-0.288782830925,F
-0.582204377596,0.238905895244,-0.533084246986,-0.339003998896,-0.236862943542,F
0.804417937419,-0.250029367842,-0.0518632934541,0.227985201982,0.265024783686,F
0.875747765851,-0.719925748182,-0.307366937848,2.05750032421,-0.151571595118,T
0.487477538863,0.0430646605336,-0.125766333996,1.37490541187,-0.226293825357,T
-1.3604042885,-0.628923056963,-0.772112692801,-1.02662479106,-0.712706805706,F
0.138533126783,0.302209150776,-0.474164053317,-1.09372909825,-0.0495905063161,T
-0.853632663967,1.19704994747,-0.85854368013,-0.0778342512892,-0.306166819867,F
-0.132355057159,0.262828339797,-0.682417007041,-0.314228229131,1.01620394529,T
0.1489668121,-0.316350593401,-0.555879028298,1.08482936133,-0.171640706513,T
0.611942330351,-0.545114674111,3.30246184956,-1.27459638599,0.453320611146,T
-1.02622148509,-0.598193842356,1.92662308877,-1.47213362797,-0.270905324258,T
-1.25111652293,-0.468480790395,-0.604288539077,0.236490677558,0.184660609576,F
-0.0645156476598,1.66757078124,-0.402154334142,-0.0834404724542,0.551508781205,T
-1.37365790228,-0.344477317888,-0.628117083503,-1.55934998361,-0.691415842002,F
-0.628584055492,-0.396010112268,-0.51347150124,0.749918464021,-0.35017572245,T
-0.504128406961,-0.441780948536,-0.881523393073,0.975847609942,0.00407046644462,F
-1.20549472819,-0.647430804965,-0.922889605239,-0.5308605532,-0.62988100481,T
2.35831746882,-0.141859684683,-0.213303244652,0.127332071932,0.211569413981,T
-0.898781946223,-0.411537175184,-0.79000300392,-0.351441853616,-0.191680844341,F
0.606303031391,-0.370308586572,-0.74861273585,1.79292529898,0.150386428425,T
-0.603127331171,2.45799554781,-0.988528101698,0.372227986883,1.04196280989,F
-1.03236519561,0.160927122631,-0.634491691076,-0.698447390134,-0.613540764987,F
0.87061480056,-0.113089193007,-0.211945340287,2.22502098518,-0.403645857836,T
-1.47044734023,0.174094398958,-0.531605538112,0.554640418275,-0.199042450454,F
-1.015956365,-0.571614015866,0.325278244904,-1.4917165003,-0.687992934475,T
-0.97140546547,-0.629793462805,-0.63920823663,0.483760948253,-0.518723725094,F
-1.70385454598,-0.979602449876,-1.05013811377,-0.844459384153,-0.877889352447,F
-1.41439245041,-0.923825302393,0.159375929349,-0.743422835038,-0.451840112775,T
0.589031438609,-0.0391816421193,-0.0370310431772,-0.133457883974,0.85192546489,F
-0.973035022729,-0.212108659406,-1.15759190406,0.0851774174797,0.322638324277,F
-1.23228550612,0.0525277192539,-0.545212915587,-1.41907649205,1.89566396468,F
4.09442045918,10.1708550993,-0.866497464738,-0.638584858932,0.0597154613777,T
-1.09525875007,-0.45755141233,-0.15560906122,-1.26627726907,-0.431936979513,F
-0.475808536568,-0.342955250373,0.0723443518334,1.53120064233,-0.280683072489,T
-0.644725737825,-0.642828229196,3.30625862795,-1.2395487946,0.0907484875022,F
0.0278289494952,0.00997979351301,-0.431227250578,0.940747625155,-0.344461440107,F
2.70287933618,-0.732722949402,0.348090740348,4.10337877084,0.223851047501,T
0.267299523595,-0.102024955247,-0.542155366294,1.45070155413,0.741284698198,F
-0.493253101514,-0.0266694480555,-0.489876940164,1.62520264954,-0.358614039434,T
-0.104400745372,-0.211780260509,-0.322252005567,2.18322126023,-0.101031244475,T
-0.493253101514,-0.0266694480555,-0.489876940164,1.62520264954,-0.358614039434,T
-0.507951046301,-0.130588870654,-0.395044455489,-0.828605106466,-0.199194375577,T
-0.490186597474,-0.51983484564,-0.215468969803,0.53947458901,-0.457858126304,F
-0.431091635804,-0.56023587301,2.40984517776,-1.20058184358,-0.0964243592563,F
6.81803338305,0.818698331934,0.631912847072,6.63147069277,-0.556717755474,T
0.929798907812,-0.0257878744699,-0.0369977658868,2.24488413399,-0.132254108791,T
-0.781837333362,-0.261683255719,-0.812722163887,-0.892648893521,-0.616582480507,F
-1.2152506414,-0.681076584775,2.039836496,-1.39676053997,-0.145690286994,F
-1.56592181954,-0.513231994973,-0.999256858583,0.0212130722193,-0.801240041902,F
0.243841072723,-0.248347608041,-0.559185446623,1.4578740044,-0.507151882263,F
-1.01369128605,-0.530274633939,-0.830965750457,-0.672815609666,-0.117506912911,T
-0.406238939565,-0.257195774572,-0.262650758729,1.43849639591,-0.544143375965,T
0.474643523457,-0.789938072082,0.180386634764,0.495463406532,-0.734172044858,F
1.25711768489,-0.937383830671,-0.0100970431508,3.57552121646,-0.274752835342,T
0.0385893929898,1.47621906147,-0.786183127939,-1.36945191052,1.38383340445,T
-0.913394778489,-0.52470849327,0.337604317636,-0.993535077137,-0.492416859642,T
-0.757564937776,-0.179273063986,-0.442075337498,-1.53168090773,-0.436489661616,T
-1.17450564565,-0.695680221125,2.24508139525,-1.35347788633,-0.132419298919,T
0.189378753849,-0.617547966733,1.05180006232,-0.788969775739,-0.45088626232,T
-0.65109171205,0.680526800807,-0.490101050768,-1.51899977913,-0.0146276788672,T
-0.161597102684,0.467099636296,-1.07338790892,-0.34003925673,1.37495357089,F
1.4023093771,0.267363291794,-0.565736513854,-0.185853873197,0.922513590354,T
-1.16209370743,-0.656895656024,-0.865132512354,-0.816227309776,-0.470557782309,T
-1.08720240587,0.870127579947,-0.797337505553,-1.45906873453,4.15144364669,T
-0.856991101876,-0.435513455754,0.616098363919,-1.45569609103,-0.40779122874,F
-1.04759476451,0.570579459322,-0.463827511562,-1.51580319455,1.53072856761,T
2.82254071615,-0.480178102761,0.804239570679,1.53262592247,-0.378664021734,T
0.0123624033052,-0.242528839896,-0.385319561037,1.23379648562,0.804073012722,T
-0.698560437386,0.116130977237,-0.285364444037,-0.692543496019,-0.239556220482,T
-1.3604042885,-0.628923056963,-0.772112692801,-1.02662479106,-0.712706805706,T
2.94057920997,-0.256632624949,0.276493918525,2.85206902864,1.05848562711,T
-1.08741329875,-0.54921208563,-0.829583250908,-0.817177724262,-0.677312560205,T
0.21503058588,0.109330501285,-0.290712368796,1.13413013254,-0.201538970287,F
-0.965936182898,-0.450492813315,-0.779907940713,-0.380870341193,-0.286566493752,F
-0.89523281281,-0.729632434018,-0.750440563146,-0.605103268891,-0.951484430462,F
-1.36568678396,-0.777054276122,1.19533693664,-1.58271092738,-0.0336891169618,F
0.954613615205,0.603958862823,-0.640371312567,-0.389847685208,0.620518601484,F
-1.32136749879,-0.490576775769,-0.884869400608,-0.782811287128,-0.261583827956,T
0.830973153618,-0.869662401343,0.817543888999,2.00636012818,-0.20057463401,T
-0.557456621204,2.51421398372,-0.833769515119,0.193390267665,1.15951952706,T
-0.41729750701,-0.662907653262,4.54178690927,-0.967573689224,0.261198211061,F
-0.216692325729,-0.847544780822,4.57925265256,-0.694802619934,0.0878632064143,T
10.5149328204,-1.39316091514,12.3825075563,1.51648060135,0.307354144416,T
-0.618577958628,-0.45725051108,-0.368432233616,0.113526681216,-0.51727971101,T
-0.557754882433,-0.550443262193,-0.480636538391,-0.761127195888,0.13157018987,F
0.602568710483,0.59488983764,-0.911990911497,-0.0106465174313,1.30474329388,T
3.89810310697,20.7499287572,0.0,0.0,0.0,F
-0.514172389615,-0.303479203883,-0.743983102447,-0.913866236039,-0.197917783319,T
-0.942722146583,0.393815562988,-0.863717115472,-0.753417182984,0.944918963654,T
-1.06966653065,-0.275029562426,-0.563089913426,-1.13649516203,-0.524607652675,F
-1.19327449539,-0.661568816561,-0.862647223314,-0.844485932035,-0.795844616597,T
0.241808734625,0.990785349477,-0.401220869091,1.80549790589,0.114969860541,T
-0.316393408382,-0.15992474404,-0.445308709676,1.5998822903,-0.160626173989,F
0.768994729004,0.543888994333,-0.471295607031,0.9065595343,0.150326892925,T
-0.493253101514,-0.0266694480555,-0.489876940164,1.62520264954,-0.358614039434,T
-0.624500050098,-0.44327581697,-0.514757205114,0.754681850905,-0.467197801007,T
-0.93486145304,-0.23692093263,-0.644688864424,-1.37287341159,0.0750586139434,T
-0.711285965997,0.86099437508,-0.526346557753,-1.21310557527,-0.104763551043,T
-1.59268564659,-0.835915030051,-0.963046444103,0.215661802302,-0.841122265218,F
1.16326804631,2.08950509994,-1.04210069426,-1.35661060013,3.07803101567,F
0.863141803373,1.26399064444,0.368444290154,-1.04436062841,-0.179997914309,T
0.327543609536,-0.00798919081522,-0.463837809965,2.07363998013,0.00389006883997,T
2.46996171589,1.87515526224,-0.622860356792,1.30828744816,2.46729468333,F
-1.46832461863,-0.542922491516,-1.07023453743,-1.70919811707,-0.159168086763,F
-0.310716279999,-0.16579058144,-0.158733665956,1.6167236892,-0.340591370999,F
0.436998818012,-0.12486476474,-0.756934066851,1.47713974756,0.500341019724,F
-1.29336036458,-0.747548512556,-0.854109469977,1.12105605236,-0.528334600483,F
0.117010272025,-0.38509307259,-0.188715388211,2.31730358546,0.760101823041,T
-0.179742616879,-0.141786263668,-0.523697331996,0.895713989136,0.414503469929,T
0.178599295014,-0.288094357575,0.958158066382,-0.396765159935,0.062306476832,T
-0.879880116496,-0.591852750248,-0.484824433819,-0.0868467362147,-0.534867731434,F
0.0958160463177,-0.220975213134,-0.432249430983,-1.41634115545,0.00240387939404,F
-0.530775425855,1.68141550065,-0.606842719181,1.59907701541,0.231029078898,F
-1.67448246145,-0.997013575594,-0.713631557447,-0.821443243718,-0.816637021459,F
0.449219386152,-0.389465543368,0.554754442145,-0.730882004338,-0.0619199656308,T
-1.17072372569,-0.272698055076,-1.00436795746,-0.937620147199,0.830413254931,T
12.2491642863,-0.227152930475,0.111550287937,1.6314701556,0.424394472024,T
1.01520796289,0.00330532590364,-0.720747612862,0.316867876873,-0.093638078073,T
0.946975410011,0.0245236728839,-0.139147716029,-0.19868296539,1.0983976116,F
0.440462724948,-0.25390616075,-0.502549321616,1.8080463436,0.0440272612253,F
-1.23939118811,-0.675111633724,-0.911452477502,0.518494560022,-0.339433995499,T
-1.31086807532,-0.678925880428,-1.08054904567,-1.05078479632,-0.377148471657,F
-1.237901965,0.052259747953,-0.694573132743,-1.46577961085,-0.508788984086,F
0.414658998723,-0.209814052777,4.09492927894,-1.14179347675,0.398658603988,F
-1.3082762736,-1.00260993029,-1.00247303433,-0.728096642519,-0.806795392776,F
-1.46754814466,-0.482530267092,-0.173967831283,-1.67686940583,0.327324188712,T
-0.860126513614,-0.203867825384,-0.675632052212,-1.22203090981,-0.596386142329,T
1.75478458877,-0.00178019432917,0.173282241678,2.12709379878,-0.127743314264,T
0.14172425661,-0.369394345583,0.362914354219,1.30561215556,-0.325219955659,T
0.248811242891,-0.108536705779,-0.168981409219,3.09677378142,0.25747470548,T
0.158932387226,0.311468419446,-0.482379889501,-1.08907784261,-0.0274582523786,F
-1.42043184051,-0.464183685893,-0.911552837648,1.31632139152,-0.700517290268,F
2.45364035991,-0.650011568381,0.0364178359421,5.32821703745,0.104493497729,T
-1.11950191164,-0.507185648897,0.677928039461,-1.26340971165,-0.481934511546,F
0.88123602266,0.253152642273,-0.370014766012,0.0891988480341,0.633455322479,T
0.403519563602,-0.318178080052,-0.564924681811,0.722981637373,-0.220437524198,T
0.700621452937,-0.48851052956,-0.117356866288,-0.514218164803,-0.373474381666,F
-0.401719551278,-0.577646998727,2.74635173408,-1.17756570315,-0.0351720282675,F
-0.960133305371,0.479525685856,-0.62447856445,-1.29474007033,0.555656792853,F
-0.615687517182,-0.597475205497,-0.777498270719,1.16065692025,-0.276680052565,F
-1.08742029462,-0.437688017887,-0.247322686479,-1.27930823287,-0.610950081097,F
-0.981467709912,-0.468467988145,0.329682766094,-1.21873673255,-0.524944573058,F
-0.13558911413,-0.50990904936,-0.246195127055,0.182954003485,-0.306343256744,T
-0.723087432036,-0.355137602573,-0.897745035874,-0.124297866027,-0.5845389015,T
-0.940165693295,-0.319399343091,-0.482075477678,-0.692902637613,0.144557377465,T
2.29241414671,-5.75895277417e-05,1.39532620917,2.86126852108,-0.0973201416942,T
-1.56974284513,-0.518998793126,-1.00574644108,0.0366404936864,-0.809898429477,T
-1.12778676601,-0.333360032581,-0.0531138170041,-1.48399213774,0.154241846904,F
0.526897699173,-0.40131436262,8.24391654751,-0.0674680614303,1.2951316831,T
-0.883055697039,-0.320936186779,-0.361119539268,-0.972452862102,0.160581875511,F
-0.321702129824,-0.370563164553,0.596037732267,1.13402984848,-0.391348226434,T
-0.720797180271,-0.472196219437,-0.665000775439,0.401173499229,-0.00204768357997,T
-1.37097092135,-1.17692854134,2.76360285788,-0.583609792564,-0.183696267907,F
0.200920924826,-0.146464246791,-0.646697241703,1.9776246402,0.546099561146,F
-0.874231999122,-0.54792332756,0.786279726065,-0.962846889892,-0.41074708499,F
-0.414826081709,-0.169773874092,-0.565033003517,-0.796748933546,-0.451761706625,T
-0.998107925284,-0.506925018326,0.497374905037,-1.20696543614,-0.474471108442,F
1.72094462848,-0.864326846255,5.94302927642,-0.553820891608,0.596399184252,T
1.71967303595,0.0458488037994,-0.0721874474208,-0.448732841149,0.747550643155,T
-1.00161570062,-0.591130881487,0.618457737957,-1.46681847835,-0.640083376799,T
-1.09718104677,-0.595311559632,-0.820649981825,0.459412490853,-0.14459807918,F
-0.999945818742,-0.672867358195,-0.687680818888,0.668714377535,-0.56613557291,T
-0.142218286132,0.434206828498,-0.405266164944,0.234896190387,-0.0957397555909,F
-1.18809762706,-0.558473811898,-0.537819485835,-1.00439520502,-0.63680815995,F
-1.41439245041,-0.923825302393,0.159375929349,-0.743422835038,-0.451840112775,F
0.589031438609,-0.0391816421193,-0.0370310431772,-0.133457883974,0.85192546489,T
1.25555021013,0.396549727151,2.57941145083,-0.63150115717,0.401491249495,F
-0.333919722918,-0.472182595775,-0.160218075882,-1.60627704599,-0.653027567674,T
-0.904406793609,-0.234020739765,-0.570937985204,-1.00796721779,-0.0810973659732,F
-0.45036822552,0.815294404795,-0.909360969428,0.921395648576,1.36873148904,T
2.1606551352,-0.053024441213,2.60235863034,-0.834330913,0.597619060498,T
-1.36908718213,-0.437283404622,1.16004409591,-1.53696732573,-0.443219150337,F
0.530813362459,0.226572375176,-0.42568424479,-0.454032778984,0.636805526456,F
0.0278289494952,0.00997979351301,-0.431227250578,0.940747625155,-0.344461440107,F
4.01443936664,-0.633454169201,0.34943477366,4.46729050777,0.47417783672,T
-0.579541172816,-0.488006248659,-0.901862944613,-0.705523937873,-0.294520112423,T
-0.867544800951,-0.490582939151,-0.755508365663,-0.480298529706,-0.341375228649,F
0.423539391423,0.156149247647,-0.165183229404,0.276850001525,-0.021854497413,F
-1.12788074683,-0.462852417819,0.0739573258273,-1.27912225266,-0.547157995016,F
-0.0946100505306,-0.217583969081,-0.21008315346,2.19089330705,-0.0806138008116,T
-0.509146545795,-0.0290651045961,-0.485089435651,1.61958994029,-0.364420494478,T
-1.29907546799,-0.498521351108,-0.185025850897,-1.43695624786,-0.589740533457,F
0.661745430048,1.04214733959,-0.403361784557,1.42914608286,0.158347013683,T
0.262389057892,0.980001122058,-0.796127494854,1.55167569995,0.0854341756199,T
-0.563575106131,-0.436568826266,1.57385970232,-1.28646819621,0.262226324307,T
-0.0282500031261,-0.436465463033,0.0093951232147,0.241917315593,-0.121118358063,F
0.24747960054,-0.318063988236,-0.351004121748,1.32412386799,-0.614954448132,T
-1.02375718116,-0.514726771706,0.716172324226,-1.21151941829,-0.251982247751,T
-0.769364287475,-0.0940059639754,-0.367830747567,1.42957939996,-0.065127244192,T
-1.00128225931,-0.64609568931,2.57233429089,-1.23144693534,-0.0496962442109,T
0.19916944869,-0.623351675305,1.16396891443,-0.781297728927,-0.430468818657,T
1.06982723123,-0.621410548959,4.48450845927,-1.19425928865,0.662915262806,T
-0.0178099704888,-0.50209036832,1.48716809133,-1.3956863194,-0.385577394705,T
-1.2796568762,-0.511554685786,-0.652761121335,0.421444106839,0.137248761759,T
-0.917794389521,-0.11313039252,-0.70214667515,-0.381256938171,-0.427634528807,F
1.82122274778,-0.784170505295,0.76722202763,2.37031655589,-0.327098958066,T
-1.34734260413,-0.514212112555,-0.721413761474,-1.52169776209,-0.61991755809,F
3.05401420525,0.574065801302,0.68417223392,0.147507847695,1.37667292729,T
0.372917199671,0.205529306989,-0.48227007775,1.39246399869,0.300149996682,F
-1.14399365324,-0.1395617097,-0.785321994263,0.0243734057692,-0.155657594785,F
2.51122520529,-0.163716371549,-0.0151356454805,0.335715913344,0.235017070888,T
-0.843464650081,-0.391237991599,-0.751497043139,0.112224316221,-0.00435787711182,F
-1.28979264454,-0.525682393266,0.539174469852,-1.39265247629,-0.433252092532,F
0.0461983072619,-0.585952793577,1.09963717592,-0.703931374907,-0.444582821081,T
-1.03236519561,0.160927122631,-0.634491691076,-0.698447390134,-0.613540764987,F
1.30787156148,-0.574567062286,2.78611284728,-0.947784542745,0.358180092117,T
1.40971676115,0.064349620072,-0.225429230704,2.15387035988,-0.0915267798959,T
-0.796479735153,-0.00902099721097,-0.623103499384,-1.46246720033,0.628838540714,T
-1.47095681027,0.173325492586,-0.532470815725,0.556697407676,-0.200196902059,T
-0.859439042757,-0.635931391495,-0.857490324902,0.387483592383,-0.239033194542,T
0.229038270536,0.749667327782,-0.203151453556,1.28012169345,0.593850989368,F
0.261225605302,0.239832561585,-0.500101675637,-0.342472009004,0.0452483451628,F
-0.827619017351,-0.452924581472,0.95260492024,-1.4326799506,-0.346538897751,T
-0.874366228782,-0.472649461216,0.240852324837,-0.934910340354,-0.506441532939,F
-0.575713800427,-0.492726886845,-0.723868844943,1.26675928565,0.0403627748925,F
-0.890167340032,0.99281150669,-0.469042376891,-1.49644480751,1.63184265592,F
4.43925500182,-0.569850759755,2.24431703342,1.49849154351,-0.170605192379,T
0.630423560752,-0.204414560577,-0.238640259848,2.0294520833,0.719369865109,T
-0.789858489212,0.157834688565,-0.764499910884,-1.15190758421,-0.0530918631549,T
-0.246234337344,-0.270389160716,-0.495758250817,0.145252147435,0.432398035893,T
-1.40685288947,-0.380648547827,-0.00513730825678,-1.67706288407,-0.650570515263,F
-1.58189388721,-0.799047708789,-0.962515739319,0.0435608653081,-0.8132102663,F
-0.819648375304,-0.410408115067,-0.32786563679,1.11757046935,-0.359763038887,T
0.300999615573,0.225362761018,-0.244908257024,0.891240435425,-0.408315664057,F
0.350562704549,0.0439334038851,-0.0813028022955,1.20315264698,-0.223320752246,T
-1.14987086419,-0.449636278861,-0.0388618849062,-1.32087136338,-0.543363359322,F
-1.11865510521,-0.263263462787,1.10866292176,-1.41571990654,-0.0462190140254,T
-0.95155208421,-0.542771379625,-0.48588238619,0.316697824874,-0.668025825472,T
1.36936491371,0.201529749583,-0.589226280251,-1.3491725664,0.214215408865,F
1.38317108712,0.559949424958,-0.575107288481,-0.279055072336,0.560895033992,T
-0.265870115974,-0.602169067612,-0.708430545823,1.56859621517,-0.144341963868,F
-0.409522172495,0.085287256187,-0.564678731636,-1.32924741581,-0.445761832016,T
-1.38972157035,-0.754195330887,-0.581707128418,-1.41836643603,-0.43395011732,T
-0.843841969125,1.19124623889,-0.746374828023,-0.0701622044777,-0.285749376204,T
-1.41979210319,-0.487725953575,-0.279303454441,-1.59297362285,-0.680225726615,F
4.58793530832,0.921781286872,-0.531235612746,3.03637259011,2.02450475808,T
-0.470424696597,-0.605438680189,-0.73914147905,0.714003131196,-0.346541730271,F
12.416724696,1.09254290108,1.57614737635,3.86175496123,-0.683068792181,T
-0.477410260223,-0.532138289354,-0.800561897077,0.907056563326,-0.511327749189,T
-1.27947560982,0.167537051067,-0.78266909694,-1.56317983498,-0.249226073984,F
-1.23318331792,-0.779811130698,0.310332996027,-1.02024435591,-0.754085860071,T
-1.23171220049,-0.166090547555,-0.784155224253,-1.46944092602,-0.402556218893,F
-1.49137174823,-0.806919352823,0.460228125583,-1.61612905014,-0.378732312709,F
-0.735781353174,-0.411672896312,0.259931061523,-0.138670007804,-0.523415420039,T
-0.32593540827,-0.289779072672,-0.560200596114,-0.822896405806,-0.440349124553,F
-0.962252523814,-0.465797283091,-0.0836818355606,-1.43787363623,-0.271408196999,F
1.60232870316,-0.0664605767682,-0.654910282758,0.124974160629,-0.205005278273,T
1.40835498063,-0.762929440946,2.15143565544,-1.43635905216,-0.339426386239,T
-1.45853392379,-0.548726200088,-0.958065685323,-1.70152607026,-0.1387506431,T
-0.308762999495,-0.161678425489,-0.160263513282,1.61630833189,-0.330128664849,T
-0.649003581731,-0.415264891358,-0.367749421164,-1.13949124774,-0.447009871749,T
-1.29840654446,-0.75516434765,-0.862679839331,1.14143004408,-0.539769169581,F
-0.777155297991,-0.590090042927,-0.632284978325,-0.934871485623,-0.625992829772,F
0.116790235136,-0.385425158386,-0.189089096136,2.31819198617,0.759603222698,T
-0.269508993433,-0.439275165317,-0.553105293473,1.07501153457,0.26684172024,T
-0.65109171205,0.680526800807,-0.490101050768,-1.51899977913,-0.0146276788672,F
-0.274624725787,-0.00743121808044,-0.932387799441,0.145001448831,0.762486644923,F
2.08994509392,0.301915270069,-0.656030442819,0.0817775447465,0.992531747223,T
1.70590707397,0.482533890855,-0.278137715146,1.3692187469,0.862687679558,T
1.70436264453,0.0212539975355,-0.480377853177,0.880783933992,0.1372264493,T
0.946975410011,0.0245236728839,-0.139147716029,-0.19868296539,1.0983976116,F
-0.663383357669,0.428988641013,-0.630933244147,-1.11908003044,2.17550501698,F
-0.912054246587,-0.446884344364,-0.194914908656,-1.15957149469,-0.611211341433,T
-0.749725677582,-0.549537392577,-0.347789320747,-0.224512021844,-0.632060802965,F
-1.18350549433,-0.220919911832,-0.489158721317,-1.51585286743,-0.47248514867,F
-1.30362463088,-0.631498509594,1.03040622512,-1.52198900827,-0.403865237385,T
-1.31086807532,-0.678925880428,-1.08054904567,-1.05078479632,-0.377148471657,F
-1.237901965,0.052259747953,-0.694573132743,-1.46577961085,-0.508788984086,F
0.414658998723,-0.209814052777,4.09492927894,-1.14179347675,0.398658603988,T
-0.945359086306,-0.461577763503,1.19921506768,-1.48042717919,-0.350035161914,T
-0.582204377596,0.238905895244,-0.533084246986,-0.339003998896,-0.236862943542,T
0.379577233064,2.75750350027,-1.50472957785,-1.29159340428,5.61982151782,T
-0.411010114982,0.866189493416,-0.479656364545,-1.24875554969,1.49478631045,F
-0.790822930336,0.190000501679,-0.973345279296,-1.42210302725,1.14991065955,F
-0.41700432878,1.03247289457,-0.671148459862,-1.17746893121,-0.00171245779889,F
0.868319103432,-0.730054038792,-0.307108843128,2.06740566617,-0.172089218064,F
1.2269096449,1.88147556372,-0.129071072685,1.0774103415,0.0959053444114,F
-0.616059275727,0.0945007061057,-0.609592563372,0.646782897766,-0.183485149782,T
-0.42873808609,-0.545822195567,-0.168957913717,1.05748835603,-0.408210986646,T
-0.33439501607,-0.60473802632,-0.305727364757,0.573921172449,0.302487438418,T
-0.679313897758,-0.020279407431,-0.612579145733,-0.918680934506,-0.534148451966,F
-0.652254028507,-0.603382732779,-0.896391169969,1.16941982326,-0.309259794884,T
2.13016222516,0.352821346476,-0.873410784851,0.143224060318,1.10125330591,F
-0.853803827604,0.835383473395,-0.750652889687,-1.42025365517,0.00988715953579,T
-0.028774102994,0.0162704304551,-0.265231048803,-0.3828936897,-0.563702991672,F
-0.267559778055,11.3303835317,-0.0238197257109,0.774607280195,1.16503203309,F
1.94123804422,-0.00787142478221,-0.40026156989,-0.213595658629,-0.380924526207,T
-1.42427098709,-0.754229244411,-0.908627429603,1.17307945464,-0.358551868343,F
-1.08662695626,-0.669616971311,-0.831340138828,-0.0549118255661,-0.736156478139,T
3.15215807456,5.02976069342,-2.46322872392,-2.17232520304,8.77498958035,T
2.67020667688,1.31205396953,-0.764306998703,-0.0437363090363,3.40113475041,T
-0.609226942464,-0.23987871688,-0.625703155065,-1.13108922854,-0.441946478647,F
-1.2860265184,-0.606637600514,-0.880206209384,-0.190777686362,-0.743297433018,F
-1.64511037693,-1.01442470131,-0.377125001125,-0.798427103284,-0.75538469047,F
0.449219386152,-0.389465543368,0.554754442145,-0.730882004338,-0.0619199656308,T
-0.303022790435,-0.123405129864,-0.11573057041,0.417006574656,-0.409743653154,T
35.2144730244,0.0,0.0,0.0,0.0,T
0.0712970298673,1.22585867713,-0.346974987883,1.17695451095,-0.135945249007,T
-1.2434531574,-0.603066686138,-0.812435835085,0.147362820585,-0.473107638817,T
0.239999694142,0.0343313916464,0.546148466765,-1.49484149045,0.0952653099218,T
-0.205421773643,0.269328533952,-0.859892938242,-1.069731197,0.731576723802,F
0.7092944664,-0.465866266932,-0.264535235733,2.26944649927,0.426661693015,T
1.30565628235,2.06629139502,0.315265834282,1.96689498561,1.9706554213,T
-0.7671342876,-0.467268924158,0.153640317923,-0.858114348792,-0.526059249798,F
-0.782100905447,-0.781196770195,1.45236664439,0.167379771344,-0.397328638593,T
-0.490186597474,-0.51983484564,-0.215468969803,0.53947458901,-0.457858126304,F
3.45403324298,-0.23638630708,0.362071074945,6.07185064209,0.848291463461,T
15.5208082532,1.13713653725,0.433586283451,1.9862408134,-0.388806065215,T
1.13299679735,1.54090466344,-0.0529430706889,1.49776085189,0.638371555288,T
10.9308445977,0.672240925284,0.856670209929,10.5662150591,0.0,T
-1.23366246256,-0.608870394711,-0.700266982978,0.155034867396,-0.452690195154,T
1.80011547344,-0.205938384692,0.289088404623,2.97618705794,-0.248584277513,T
-0.564402545704,3.90369083335,-0.509926108401,1.0182502766,0.926710498112,F
-0.646120870466,-0.440033861704,0.201074339037,0.62125374872,-0.612757530474,T
-1.21070067187,-0.694789741823,2.22084713694,-1.37953456484,-0.118198172981,T
0.55548516559,1.0461988659,-0.143931138288,0.723463184022,-0.209697244446,F
-0.821266870545,-0.465662650877,0.0513245239954,-1.44258649538,-0.505410324344,F
0.370279886237,-0.283726027717,-0.461904420702,1.51956006651,-0.524080639245,T
-0.968446189048,-0.467422257647,-0.814558955996,0.521454120052,0.235211337183,F
-0.406238939565,-0.257195774572,-0.262650758729,1.43849639591,-0.544143375965,T
0.474643523457,-0.789938072082,0.180386634764,0.495463406532,-0.734172044858,T
1.70999183408,-0.996708116251,0.139209056517,4.06334431231,-0.195046890689,T
0.0385893929898,1.47621906147,-0.786183127939,-1.36945191052,1.38383340445,T
-1.26522326782,-0.650717720488,-0.86933158098,0.0495789475449,-0.595495850985,T
-1.31946646836,0.00456115646504,-0.672117133732,0.655081422933,-0.32135413098,F
0.540900018118,0.47916394282,0.0959406140981,1.20457401387,2.88709899593,T
0.0928666320417,0.0927860575888,-0.187382352284,-0.666920505991,-0.307011419435,F
-1.10868421753,-0.512783848633,-0.652367945139,-0.780639529233,-0.476515874605,F
-0.728363407728,-0.58368541873,-0.15124519792,-0.235386204361,-0.580982302144,F
0.0662751402448,-0.191374723887,-0.254878085794,-0.798437219051,-0.28408229538,T
-0.896363354334,-0.483842809053,-0.32424701684,-1.09138591958,-0.642064043769,T
2.94550433714,2.30419234007,-0.207294022162,2.16676302416,2.05664982634,F
2.73142227839,-0.403607417802,0.109640063974,4.30971639315,0.546865023115,T
-1.69406385113,-0.985406158448,-0.937969261661,-0.836787337341,-0.857471908785,F
-0.334361317277,-0.510786778258,-0.625065293935,1.41964758429,0.0194164592939,T
0.648738006096,0.0840083442475,-0.092110999419,1.31731091715,-0.108012950731,T
0.453957181626,-0.109344635549,-0.24207466526,0.00123180950997,0.678072719718,F
-0.955369120112,0.0493905519317,-1.02030391866,0.0952691722791,0.338157213055,F
-0.539241060288,1.1507766763,-0.51764797105,-1.0559189229,0.597882310924,T
3.9936497644,10.2843156271,-0.864897162789,-0.632881235932,0.152546071822,T
-1.09525875007,-0.45755141233,-0.15560906122,-1.26627726907,-0.431936979513,T
-0.475808536568,-0.342955250373,0.0723443518334,1.53120064233,-0.280683072489,T
-0.595772263616,-0.671846772059,3.86710288848,-1.20118856055,0.192835705817,T
-0.759056623217,-0.609134510399,-0.419912582445,-0.297863619341,-0.508537632474,F
-0.621942649205,-0.588850283812,-0.429032274334,0.161149465698,-0.483258728818,F
0.73857820936,0.599938463004,-0.684649133172,0.370908032334,2.60452442812,T
0.238759170322,-0.145098850638,-0.590627948552,1.63565498341,0.693872850382,T
-1.17817750795,0.494802173272,-0.599268280594,-0.488570053828,-0.409375673195,T
-0.509146545795,-0.0290651045961,-0.485089435651,1.61958994029,-0.364420494478,T
2.6484127241,0.334799643376,-0.380378430314,0.953429484665,0.447473928372,T
-0.143072806094,0.464353308929,1.29440703369,-1.33295450646,0.0404705322353,T
1.00995663076,0.0138075087995,6.48646043256,-0.37983217176,0.64626874973,T
-0.507951046301,-0.130588870654,-0.395044455489,-0.828605106466,-0.199194375577,T
1.15662260467,-0.936335806313,5.59164215637,-0.609153490499,0.333901491494,T
-0.314380225481,-0.155270242415,-0.446901459644,1.59945472035,-0.148602996969,T
-0.0184450340771,-0.57550676113,-0.631438131676,1.36996653197,0.0256554264729,T
-0.641802116062,1.97178586873,-0.510404482,-0.811088995546,-0.374288522965,F
-0.509146545795,-0.0290651045961,-0.485089435651,1.61958994029,-0.364420494478,T
-0.62645333059,-0.447387972807,-0.513227357801,0.755097208205,-0.477660506829,F
-0.93486145304,-0.23692093263,-0.644688864424,-1.37287341159,0.0750586139434,F
1.65422670893,3.51035740511,-0.63311115464,-1.27656523647,0.0750480353438,F
-0.922034945766,-0.498335463869,2.054559983,-1.32936207124,-0.172807215953,F
-1.04176048222,-0.508118243799,-0.473961669124,-1.03642511983,-0.582677765412,T
-0.433357937366,-0.539299637146,2.45240015246,-1.12535117819,0.220376356898,T
-0.195574712099,-0.464013095553,-0.451245135938,0.535153025001,-0.572684033865,T
0.504678976738,1.92989981452,-0.51120462191,0.785912588044,1.50193957363,T
-1.37365790228,-0.344477317888,-0.628117083503,-1.55934998361,-0.691415842002,F
-0.630537335984,-0.400122268105,-0.511941653928,0.750333821321,-0.360638428272,F
-0.532668760233,-0.484854843926,-0.929995975331,1.16080103922,-0.0433413813715,T
-0.931479099769,-0.643660224395,-0.958439980533,0.746999506169,-0.252390220369,F
0.897145279397,0.720656216139,-1.01398532432,0.649789249215,0.99268546494,T
-0.927435987586,-0.429253926419,-0.935325223456,0.572233954794,-0.225749234825,F
1.53873663097,-0.0648070256609,0.611831162855,2.97619199702,0.601822533466,T
0.654189405202,-0.342528695676,-0.658010245066,1.80150916754,0.249165099802,F
0.935393960347,0.215458876531,0.201612799811,1.9719410678,0.0231555253297,T
-0.548191373946,0.188682309506,-0.351154854508,-1.34909497417,-0.24517348667,T
0.249898432592,-0.461619911401,-0.272442464189,-0.865260656414,-0.467821579084,T
-1.03424848855,-0.452333094107,-0.0494198247298,-1.19128778102,-0.571800743873,F
-0.846073964913,0.64649792491,-0.487649380056,-0.607655683719,-0.265818976,F
0.224893445802,-0.442895045946,-0.569361031165,1.17195985067,0.189231946894,T
-1.07818593946,0.917829819365,-0.805502405928,-1.46094980008,4.28527289636,F
-0.883466167849,-0.445223147119,-0.121168957054,-0.969362290618,-0.561425760965,F
1.69905312564,0.428734694384,0.0949725028552,1.75329604145,1.51950571986,T
0.847517829924,0.693399189118,-0.0158485994779,0.489852316259,0.379140040934,T
-1.30219938576,-0.651485910355,-0.819367797845,0.35120636316,-0.567957023669,T
-0.526817918137,-0.206193867763,0.465567034404,-0.517402289539,-0.363527855639,T
-0.509146545795,-0.0290651045961,-0.485089435651,1.61958994029,-0.364420494478,T
-1.38953544824,-0.686541410697,-0.423140927542,-1.02348948792,-0.7622539478,F
-0.570050362268,-0.07849422341,-0.378803942804,-0.480430215947,-0.440532288002,T
-0.989034399394,0.0713775919616,-0.448235007864,-1.31429683778,0.409779845393,F
-1.2434531574,-0.603066686138,-0.812435835085,0.147362820585,-0.473107638817,T
3.19671106908,-0.258008020079,0.562129321665,3.31001392491,1.080807847,T
-0.902639710971,-0.633000645549,-0.977639895772,1.15900489531,-0.250512105118,T
-0.159344110296,-0.185065671699,-0.0277178776137,-0.163921590616,-0.484128327865,F
-1.37048382426,-0.357149940711,-0.649297445075,-1.72280740306,-0.772799156305,F
-0.975468218383,-0.46487882653,-0.796097031637,0.0162700008145,-0.219377853256,F
-0.89523281281,-0.729632434018,-0.750440563146,-0.605103268891,-0.951484430462,F
-1.32652400459,-0.800269110412,1.64401234507,-1.55202274014,0.04798065769,T
-0.531108306592,0.169510459499,-0.184002777766,-1.36229242394,-0.352538084159,F
-0.889926901205,-0.562891699105,0.304718325168,-0.632795334157,-0.410457428913,F
-1.12988225288,-0.573597129752,-0.925999998633,0.445740624015,-0.120702991049,F
1.01391847031,-0.852786938715,1.00418669631,2.12471079931,-0.0897485276559,T
-0.535437635645,2.571058731,-0.851418058478,0.188721257423,1.30870180412,T
-1.07177733246,-0.599285221772,-0.770863845253,0.334770766043,-0.478810844197,T
-0.407506812168,-0.668711361834,4.65395576137,-0.959901642412,0.281615654724,T
-0.52368399794,-0.913818226317,4.55345847672,-0.310240957082,0.0559526717901,T
13.4007573948,-1.86690267246,14.5027536789,0.0,0.0,T
0.595271908818,0.471028333195,-0.893948148371,4.16734387917,0.546259102238,T
-1.45287637797,-0.478110473413,-0.351543079385,-1.65725105909,-0.684249699215,F
-0.0543372008807,-0.0998102289699,-0.681160583239,0.310136411073,0.787869115996,F
-0.711285965997,0.86099437508,-0.526346557753,-1.21310557527,-0.104763551043,F
-1.59583950901,-0.840674926984,-0.968402924949,0.228395547127,-0.848268870905,T
5.04747212316,0.496094150711,1.1242710872,-0.291964825319,0.838692734749,T
1.32284272322,2.1014264968,-0.697733951752,-1.34166828799,3.05028898979,T
1.64761561488,1.21017874265,0.520098989231,-1.08785898722,-0.295700154521,T
0.337334304378,-0.0137928993878,-0.351668957858,2.08131202695,0.0243075125029,T
-0.761597287292,-0.631351091983,0.880295868768,-1.31700717353,-0.501764386917,F
-1.08290003192,-0.552910749448,1.08556816697,-1.46534904868,-0.351712366499,T
1.02088305788,0.114401653166,-0.217318158445,0.742172327883,0.395984140566,T
0.40845846474,-0.167938660131,-0.805406649109,1.66209317684,0.452929171908,T
-0.0422510293739,-0.460217681217,-0.119676697993,1.40102449141,-0.598333790286,T
-1.1666624347,0.71805689187,-0.581468648552,-1.49434986442,-0.127392325127,F
-0.879365498421,-0.566900977133,-0.400608637771,-1.2459734923,-0.603844616715,F
-0.495726035261,-0.264583809407,-0.87750243298,1.21928378938,0.248886043036,F
2.13918702896,-0.981310924306,4.15905249476,-0.267208567407,-0.114164515662,T
-1.16432843265,-0.211353027189,-0.52824738425,0.412993975494,-0.639040819346,T
-0.825748308796,-0.593415866557,1.28388265937,-1.29201318683,-0.43101676221,T
-0.782866806965,-0.459783838436,-0.564841950827,-0.938819803435,-0.502137728133,T
-1.70385454598,-0.979602449876,-1.05013811377,-0.844459384153,-0.877889352447,F
-1.20548348899,-0.738994923992,0.424365104316,-0.76318821004,-0.708098914903,T
-0.11574243651,-0.236458403888,-0.389837589941,0.300291622276,-0.148940598983,F
0.232687416823,4.80642895681,-0.181736698841,-1.41839213603,3.61377738789,T
-1.46122323877,0.747902816756,-0.59836426749,0.553095380403,-0.132101795596,F
0.411922371676,-0.29698005614,-0.551021903874,1.99299977288,-0.00338458659087,T
-1.12745284542,-0.678415532878,-0.846597740604,0.538773869554,-0.498966380867,T
0.857982130619,-0.83385025231,0.0569143885734,0.687278714738,-0.216850959303,T
0.423709876439,-0.454543620496,0.129467578727,1.71730327772,0.287840115984,F
-1.70302281472,-1.04008747098,-0.762104139705,-0.636489814437,-0.864048869275,F
-0.106984043459,-0.704472103698,-0.229765960983,0.647223400187,-0.613303130426,T
-1.3082762736,-1.00260993029,-1.00247303433,-0.728096642519,-0.806795392776,F
-0.816332973429,1.68757239062,2.51718911851,-1.30292490329,0.95350178092,T
0.919100975211,-0.190741073592,0.0763018374083,0.238603349071,0.439309578725,T
-1.31502444564,-0.425086279424,0.740115429331,-1.56675316696,-0.524041880685,T
-0.860126513614,-0.203867825384,-0.675632052212,-1.22203090981,-0.596386142329,F
1.68760525116,-0.32742659038,0.104732112125,2.29864814299,-0.127072846102,T
0.568203110499,0.421443654387,-0.0242988359883,1.38676866867,-0.089003883858,T
4.557002896,0.474123909127,2.50211911105,-0.128368583321,0.680809636968,T
0.172165713177,0.424135838307,-0.214789054534,-0.260377295088,2.08020935354,T
-1.47307263514,-0.365646964769,-0.338080208649,-1.58009854485,-0.725039389018,T
-1.09479647205,-0.472467897981,0.146196950772,-1.21484481642,-0.543134022416,F
-1.04483670336,-0.665757144627,-0.909626647666,0.717581602182,-0.313995711766,F
-0.0915986169838,0.356207638381,-0.79813655585,0.816855327348,0.494802073367,T
-0.636499028525,1.91623160995,-0.493085529926,-1.30007347349,2.03284109231,T
-0.504381694773,-0.309282912455,-0.63181425034,-0.906194189228,-0.177500339656,T
-0.635002590304,-0.678901621747,-0.702771558364,0.332922056517,-0.683982309095,T
-1.17454904194,-0.548628877052,-0.731913434172,-1.03883476939,-0.65369654107,T
-0.402505562203,-0.307224951106,-0.541987857489,-0.52189370759,-0.52590026823,T
0.472080418293,-0.0271725134608,0.19261002569,-0.731723397208,-0.0197550513937,T
-0.589177490526,-0.312260590533,-0.705550194923,0.652404786852,0.0160752151313,T
-1.39942850896,-0.365057256716,-0.533671171011,-1.59454029245,-0.76502723204,F
0.0958160463177,-0.220975213134,-0.432249430983,-1.41634115545,0.00240387939404,F
-0.530775425855,1.68141550065,-0.606842719181,1.59907701541,0.231029078898,T
-0.131128376758,-0.290283114482,0.552763387353,-0.640699109511,-0.378567066753,T
0.132572835627,-0.730671928506,-0.447383636519,0.696281909894,-0.333014068201,T
0.450906178305,0.40746348885,-0.458473057499,-0.884190047408,-0.196959487259,T
-0.879650482621,-0.576995699574,-0.547612290602,0.0371717222191,-0.433845602297,F
1.01261661061,-0.105353153883,0.598985371443,1.83351573951,0.0985608450725,F
-1.39493478926,-0.881166240189,-0.675300352571,0.760557564985,-0.612768596791,T
